Workbook

Sheet Ventas
A1: 14 | B1: Cliente | C1: Auto | D1: Seña | E1: Valor de Venta | F1: Día Recepción Auto | G1: Día Entrega | H1: Película | I1: Tonalidad | J1: Forma de Pago | K1: Estado del Pago | L1: Estado de Entrega | M1: Observaciones | N1: Fecha de Venta | O1: Origen
A2: Antonio | B2: ANTONIO | C2: JAGUAR | D2: 200 | E2: 20000 | F2: 46086 | H2: INCLUIDA | I2: DEFINIR | J2: PIX 6 PARCELAS | K2: PENDIENTE | L2: PENDIENTE | M2: DEFENDER | N2: 46086 | O2: shopping
A3: Antonio | B3: ANTONIO | C3: outlander | D3: 200 | E3: 12900 | F3: 46098 | H3: INCLUIDA | I3: DEFINIR | J3: PIX 8 PARCELAS | K3: PENDIENTE | L3: PENDIENTE | M3: DEFENDER | N3: 46094 | O3: shopping
A4: Carlos Pérez | B4: ALEX | C4: HAVAL H6 GT | D4: 255 | E4: 12255 | F4: 46104 | H4: INC | I4: DEFENIR | J4: PIX | K4: PENDIENTE | L4: PENDIENTE | M4: IRON GLAS PLUSS | N4: 46091 | O4: REFERENCIA
A5: Carlos Pérez | B5: EMERSON | C5: VOLVO V40 | D5: 300 | E5: 10900- | F5: 46101 | G5: 46093 | H5: INC | I5: DEFINIR | K5: =IF($G5="","",IF(TODAY()>$G5,"PAGO FINALIZADO",IF(TODAY()=$G5,"COBRAR HOJE","PENDIENTE"))) -> PAGO FINALIZADO | L5: =IF($G5="","",IF(TODAY()>$G5,"FINALIZADO",IF(TODAY()=$G5,"ENTREGAR HOJE","PENDIENTE"))) -> FINALIZADO | M5: IRON GLAS PLUSS | N5: 45960 | O5: REDES
A6: Carlos Pérez | B6: JOAO | C6: BMW 320I | D6: 300 | E6: 25000- | F6: 46093 | H6: INCLUIDA | I6: DEFENIR | J6: PIX | K6: PENDIENTE | L6: PENDIENTE | M6: DEFENDER | N6: 46086
A7: Carlos Pérez | B7: MARCELO | C7: VOLVO EX30 | D7: 500 | E7: 22500 | F7: 46095 | G7: 46112 | H7: INCLUIDA | I7: DEFENIR | J7: 6 PARCELAS | K7: PENDIENTE | L7: PENDIENTE | M7: DEFENDER | N7: 46085 | O7: REDES
A8: Carlos Pérez | B8: MARCELO | C8: BMW X1 | D8: 500 | E8: 22500 | F8: 46095 | G8: 46112 | H8: INCLUIDA | I8: DEFENIR | J8: 6 PARCELAS | K8: PENDIENTE | L8: PENDIENTE | M8: DEFENDER | N8: 46086 | O8: REDES
A9: Carlos Pérez | B9: FABIO PATRUS | C9: KIA NIRO | D9: 300 | E9: 10355 | F9: 46083 | G9: 46087 | H9: INCLUIDA | I9: DEFENIR | J9: DEFENIR | K9: PENDIENTE | L9: PENDIENTE | M9: IRON | N9: 22-01- | O9: REDES
A10: Carlos Pérez | B10: Alex | C10: RAMpeage 25 | D10: 0 | E10: 23750 | F10: 46094 | G10: 46100 | H10: Incluido | I10: DEFENIR | J10: DEFINIR | K10: PENDIENTE | L10: PENDIENTE | M10: DEFENDER | N10: 46094 | O10: REDES
A11: Carlos Pérez | B11: carlos taxi | C11: commander | D11: 0 | E11: 7900 | F11: 46097 | G11: 46101 | H11: Incluido | I11: DEFENIR | J11: DEFINIR | K11: PENDIENTE | L11: PENDIENTE | M11: PLUSS | N11: 46094 | O11: REDES
A12: Carlos Pérez | B12: SERGIO | C12: OMODA 5 | E12: 10900 | F12: 46217 | G12: 46101 | H12: INCLUIDA | I12: DEFINIR | J12: PAGP | K12: PAGO FINALIZADO | L12: PENDIENTE | M12: PLUSS | N12: 46094 | O12: REDES
A13: Carlos Pérez | B13: LUCAS | C13: RAV4 | E13: 12900 | F13: 46097 | G13: 46101 | H13: INCLUIDA | I13: DEFENIR | J13: DEFENIR | K13: PENDIENTE | L13: PENDIENTE | M13: PLUSS | N13: 46091 | O13: REDES
A14: Carlos Pérez | B14: jose roberto marquez | C14: tiggo 5 25 | D14: 200 | E14: 12255 | F14: 46104 | G14: 46102 | H14: INCLUIDA | I14: DEFENIR | J14: 10 | K14: PENDIENTE | L14: PENDIENTE | M14: PLUSS | N14: 46098 | O14: referencia
A15: Carlos Pérez | B15: Renilson | C15: byd | D15: 1000 | E15: 23750 | F15: 46101 | H15: incluida | I15: DEFINIR | J15: DEFINIR | K15: pendiente | L15: pendiente | M15: defender | N15: 46099 | O15: shoping
A16: Fabio Faccio
A17: OscarSILVI
A18: OscarSILVI
A19: OscarSILVI
A20: Renato
A21: Victor | B21: PABLO | C21: RANGER 26 | D21: 100 | E21: 20000- | F21: - | G21: - | H21: INCLUIDA | I21: DEFENIR | M21: DEFENDE | O21: REDES
A22: victor | B22: CORSA | C22: WILY | D22: 50 | E22: 12900 | F22: 46097 | G22: 46101 | H22: INCLUIDA | I22: DEFENIR | J22: 10 | K22: PENDIENTE | L22: PENDIENTE | M22: PLUSS | N22: 46095 | O22: REDES
A23: Victor | C23: HB20 | E23: 10900 | F23: 46097 | G23: 46101 | H23: INCLUIDA | I23: DEFENIR | K23: PENDIENTE | L23: PENDIENTE | M23: PLUSS | N23: 46095 | O23: REDES
A24: Victor | B24: CLAUCIO | C24: COMPASS | E24: 10900 | F24: 0 | G24: 0 | H24: 0 | I24: 0 | K24: PAGO FINALIZADO | L24: FINALIZADO | M24: PLUSS | N24: 0 | O24: REDES
K27: =IF($G27="","",IF(TODAY()>$G27,"PAGO FINALIZADO",IF(TODAY()=$G27,"COBRAR HOJE","PENDIENTE"))) | L27: =IF($G27="","",IF(TODAY()>$G27,"FINALIZADO",IF(TODAY()=$G27,"ENTREGAR HOJE","PENDIENTE")))
L30: =IF($G30="","",IF(TODAY()>$G30,"ATRASADO",IF(TODAY()=$G30,"ENTREGAR HOJE","PENDIENTE")))
B36: ASDA
E37: =SUM(E2:E36) -> 226665 | H37: seña pendiente
H38: seña confirmada
H39: a confirmar

Sheet Comisiones
A1: Vendedor | B1: Total Vendido | C1: % Comisión Vendedor | D1: Comisión Vendedor | E1: % Comisión CARLOS | F1: COMISION CARLOS | G1: descuentos | H1: total a pagar
A2: Carlos Pérez | B2: =SUMIF(Ventas!$A:$A,A2,Ventas!$E:$E) -> 159065 | C2: 0 | D2: =B2*C2 -> 0 | E2: 0.07 | F2: =B2*E2 -> 11134.55
A3: NICOLANGELO | B3: =SUMIF(Ventas!$A:$A,A3,Ventas!$E:$E) -> 0 | C3: 0.03 | D3: =B3*C3 -> 0 | E3: 0 | F3: =B3*E3 -> 0 | G3: 0.06 | H3: =D3*(1-G3) -> 0
A4: Carlos Vende | B4: =SUMIF(Ventas!$A:$A,A4,Ventas!$E:$E) -> 0 | C4: 0.03 | D4: =B4*C4 -> 0 | E4: 0 | F4: =B4*E4 -> 0 | G4: 0.06 | H4: =D4*(1-G4) -> 0
A5: Fabio Faccio | B5: =SUMIF(Ventas!$A:$A,A5,Ventas!$E:$E) -> 0 | C5: 0.35 | D5: =B5*C5 -> 0 | E5: 0 | F5: =B5*E5 -> 0 | G5: 0.06 | H5: =D5*(1-G5) -> 0
A6: OscarSILVI | B6: =SUMIF(Ventas!$A:$A,A6,Ventas!$E:$E) -> 0 | C6: 0.023 | D6: =B6*C6 -> 0 | E6: 0 | F6: =B6*E6 -> 0 | G6: 0.06 | H6: =D6*(1-G6) -> 0
A7: Renato | B7: =SUMIF(Ventas!$A:$A,A7,Ventas!$E:$E) -> 0 | C7: 0.03 | D7: =B7*C7 -> 0 | E7: 0 | F7: =B7*E7 -> 0 | G7: 0.06 | H7: =D7*(1-G7) -> 0
A8: Antonio | B8: =SUMIF(Ventas!$A:$A,A8,Ventas!$E:$E) -> 32900 | C8: 0.03 | D8: =B8*C8 -> 987 | E8: 0 | F8: =B8*E8 -> 0 | G8: 0.06 | H8: =D8*(1-G8) -> 927.78
A9: Victor | B9: =SUMIF(Ventas!$A:$A,A9,Ventas!$E:$E) -> 34700 | C9: 0.03 | D9: =B9*C9 -> 1041 | E9: 0 | F9: =B9*E9 -> 0 | G9: 0.06 | H9: =D9*(1-G9) -> 978.54
A10: carlos perez | F10: =SUM(F2:F9) -> 11134.55 | G10: 6% | H10: =F2*(1-G10) -> 10466.477
B19: TOTAL VENDIDO R$
B20: =SUM(B2:B19) -> 226665

Sheet Resumen Mensual
A1: Resumen mensual de ventas
A3: Aquí puedes insertar una tabla dinámica y gráficos.
